<AGF-HUDPlus>

		<!--a. Removal of KH's water, food, and xp bars-->
			<remove xpath="/windows/window[@name='windowToolbelt']/rect/rect[@stat_type='Water']" /><!--water display-->
			<remove xpath="/windows/window[@name='windowToolbelt']/rect/rect[@stat_type='Food']" />	<!--food display-->
			<remove xpath="/windows/window[@name='windowToolbelt']/rect/sprite[@pos='0,6']" /><!--XP display-->
	
		<!--b. Lowered & Centered Toolbelt-->
			<set xpath="/windows/window[@name='windowToolbelt']/@pos">-564,82</set>
			
		<!--c. Toolbelt Slot Numbers Display (15 for KH's 15 slots)-->
			<!--REMOVABILITY = it is safe to delete JUST this section-->
			<append xpath="/windows/window[@name='windowToolbelt']/rect">
				<sprite depth="19" pos="32,10" height="13" width="14" color="0,0,0,250" type="sliced" foregroundlayer="true" />		
				<label depth="20" name="slot#" pos="32,10" width="14" height="12" text="[DECEA3]1" font_size="12" color="" justify="center"/>
					
				<sprite depth="19" pos="107,10" height="13" width="14" color="0,0,0,250" type="sliced" foregroundlayer="true" />		
				<label depth="20" name="slot#" pos="107,10" width="14" height="12" text="[DECEA3]2" font_size="12" color="" justify="center"/>	

				<sprite depth="19" pos="182,10" height="13" width="14" color="0,0,0,250" type="sliced" foregroundlayer="true" />		
				<label depth="20" name="slot#" pos="182,10" width="14" height="12" text="[DECEA3]3" font_size="12" color="" justify="center"/>	

				<sprite depth="19" pos="257,10" height="13" width="14" color="0,0,0,250" type="sliced" foregroundlayer="true" />		
				<label depth="20" name="slot#" pos="257,10" width="14" height="12" text="[DECEA3]4" font_size="12" color="" justify="center"/>		

				<sprite depth="19" pos="332,10" height="13" width="14" color="0,0,0,250" type="sliced" foregroundlayer="true" />		
				<label depth="20" name="slot#" pos="332,10" width="14" height="12" text="[DECEA3]5" font_size="12" color="" justify="center"/>	

				<sprite depth="19" pos="407,10" height="13" width="14" color="0,0,0,250" type="sliced" foregroundlayer="true" />		
				<label depth="20" name="slot#" pos="407,10" width="14" height="12" text="[DECEA3]6" font_size="12" color="" justify="center"/>	

				<sprite depth="19" pos="482,10" height="13" width="14" color="0,0,0,250" type="sliced" foregroundlayer="true" />		
				<label depth="20" name="slot#" pos="482,10" width="14" height="12" text="[DECEA3]7" font_size="12" color="" justify="center"/>	

				<sprite depth="19" pos="557,10" height="13" width="14" color="0,0,0,250" type="sliced" foregroundlayer="true" />		
				<label depth="20" name="slot#" pos="557,10" width="14" height="12" text="[DECEA3]8" font_size="12" color="" justify="center"/>
				
				<sprite depth="19" pos="632,10" height="13" width="14" color="0,0,0,250" type="sliced" foregroundlayer="true" />		
				<label depth="20" name="slot#" pos="632,10" width="14" height="12" text="[DECEA3]9" font_size="12" color="" justify="center"/>

				<sprite depth="19" pos="707,10" height="13" width="14" color="0,0,0,250" type="sliced" foregroundlayer="true" />		
				<label depth="20" name="slot#" pos="707,10" width="14" height="12" text="[DECEA3]10" font_size="12" color="" justify="center"/>
				
				<sprite depth="19" pos="782,10" height="13" width="14" color="0,0,0,250" type="sliced" foregroundlayer="true" />		
				<label depth="20" name="slot#" pos="782,10" width="14" height="12" text="[DECEA3]11" font_size="12" color="" justify="center"/>
				
				<sprite depth="19" pos="857,10" height="13" width="14" color="0,0,0,250" type="sliced" foregroundlayer="true" />		
				<label depth="20" name="slot#" pos="857,10" width="14" height="12" text="[DECEA3]12" font_size="12" color="" justify="center"/>
				
				<sprite depth="19" pos="932,10" height="13" width="14" color="0,0,0,250" type="sliced" foregroundlayer="true" />		
				<label depth="20" name="slot#" pos="932,10" width="14" height="12" text="[DECEA3]13" font_size="12" color="" justify="center"/>
				
				<sprite depth="19" pos="1007,10" height="13" width="14" color="0,0,0,250" type="sliced" foregroundlayer="true" />		
				<label depth="20" name="slot#" pos="1007,10" width="14" height="12" text="[DECEA3]14" font_size="12" color="" justify="center"/>
				
				<sprite depth="19" pos="1082,10" height="13" width="14" color="0,0,0,250" type="sliced" foregroundlayer="true" />		
				<label depth="20" name="slot#" pos="1082,10" width="14" height="12" text="[DECEA3]15" font_size="12" color="" justify="center"/>
			</append>

</AGF-HUDPlus>





